<?xml version="1.0" encoding="utf-8" standalone="yes"?>
<?xml-stylesheet type="text/xsl" href="modx.prosilver.en.xsl"?>
<!--For security purposes, please check: http://www.phpbb.com/mods/ for the latest version of this MOD. Although MODs are checked before being allowed in the MODs Database there is no guarantee that there are no security problems within the MOD. No support will be given for MODs not found within the MODs Database which can be found at http://www.phpbb.com/mods/-->
<mod xmlns:xsi="http://www.w3.org/2001/XMLSchema-instance" xmlns="http://www.phpbb.com/mods/xml/modx-1.2.5.xsd">
<header>
	<license>http://opensource.org/licenses/gpl-license.php GNU General Public License v2</license>

	<title lang="en">Topic Age Warning</title>
	
	<description lang="en">This MOD displays a warning to members when they attempt to reply to a topic that has had no replies for a specified amount of time. This can be set via the ACP.</description>

	<author-notes lang="en">This MOD requires PHP 5.
	
	If you would like to make a donation for my work done on this MOD as well as other MODs, you may do so by going to my development forum (http://www.phpbbdevelopers.net/) and clicking the Donate button in the header. All donations are voluntary but appreciated.</author-notes>

	<author-group>
		<author>
			<username>imkingdavid</username>
			<realname>David King</realname>
			<homepage>http://www.phpbbdevelopers.net</homepage>
			<email>imkingdavid@gmail.com</email>
		</author>
	</author-group>

	<mod-version>1.0.0</mod-version>

	<installation>
		<level>intermediate</level>
		<time>300</time>
		<target-version>3.0.8</target-version>
	</installation>
	<history>
		<entry>
			<date>2010-11-23</date>
			<rev-version>1.0.0</rev-version>
			<changelog lang="en">
				<change>[change] phpBB version 3.0.8</change>
				<change>[fix] plurals are handled correctly for other languages</change>
			</changelog>
		</entry>
		<entry>
			<date>2010-10-26</date>
			<rev-version>1.0.0</rev-version>
			<changelog lang="en">
				<change>[new] subSilver2 support (thanks DoYouSpeakWak)</change>
			</changelog>
		</entry>
		<entry>
			<date>2010-09-18</date>
			<rev-version>1.0.0</rev-version>
			<changelog lang="en">
				<change>[fix] works when quoting a post as well (thanks romeo_piter)</change>
				<change>[change] updated umil</change>
			</changelog>
		</entry>
		<entry>
			<date>2010-05-16</date>
			<rev-version>0.1.3 BETA</rev-version>
			<changelog lang="en">
				<change>[remove] removed duplicate edits in install.xml file (thanks Anyasha)</change>
				<change>[new] support for quick reply.</change>
				<change>[change] a couple of minor details in install.xml and functions_taw.php (thanks RMcGirr83).</change>
			</changelog>
		</entry>
		<entry>
			<date>2010-05-06</date>
			<rev-version>0.1.2 BETA</rev-version>
			<changelog lang="en">
				<change>[add] added UMIL folder in root/ so that it can be validated (thanks, DoYouSpeakWak)</change>
				<change>[fix] Incorrect FIND in install.xml file prevented AutoMOD installation (thanks, DoYouSpeakWak)</change>
			</changelog>
		</entry>
		<entry>
			<date>2010-05-04</date>
			<rev-version>0.1.1 BETA</rev-version>
			<changelog lang="en">
				<change>[change] moved all code from posting.php into new file: includes/functions_taw.php</change>
			</changelog>
		</entry>
		<entry>
			<date>2010-05-04</date>
			<rev-version>0.1.0 BETA</rev-version>
			<changelog lang="en">
				<change>First BETA Release</change>
			</changelog>
		</entry>
		<entry>
			<date>2010-05-03</date>
			<rev-version>0.0.0 DEV</rev-version>
			<changelog lang="en">
				<change>Begun development</change>
			</changelog>
		</entry>
	</history>
	<link-group>
		<link type="template" href="subsilver2.xml" lang="en">subSilver2 Template Edits</link>
	</link-group>
</header>

<action-group>
	<copy>
		<file from="root/*.*" to="*.*" />
	</copy>
	<open src="includes/acp/acp_board.php">
		<edit>
			<find><![CDATA['max_post_img_height'	=> array('lang' => 'MAX_POST_IMG_HEIGHT',	'validate' => 'int:0',		'type' => 'text:5:4', 'explain' => true, 'append' => ' ' . $user->lang['PIXEL']),]]></find>
			<action type="after-add"><![CDATA[						'legendtaw'					=> 'TOPIC_AGE_WARNING',
						'taw_interval_type'		=> false,
						'taw_interval'			=> array('lang' => 'TAW_INTERVAL',			'validate' => 'int:0',		'type' => 'custom', 'method' => 'taw_interval', 'explain' => true),
						'taw_lock'				=> array('lang' => 'TAW_LOCK',				'validate' => 'bool',		'type' =>     'radio:yes_no', 'explain' => true),
						'taw_author_exempt'		=> array('lang' => 'TAW_AUTHOR_EXEMPT',		'validate' => 'bool',		'type' => 'radio:yes_no', 'explain' => true),
						'taw_last_post'			=> array('lang' => 'TAW_LAST_POST',			'validate' => 'bool',		'type' => 'radio:yes_no', 'explain' => true),
						'taw_quickreply'		=> array('lang' => 'TAW_QUICKREPLY',		'validate' => 'bool', 'type' => 'radio:yes_no', 'explain' => true), ]]></action>
		</edit>
		<edit>
			<find><![CDATA[return '<input id="' . $key . '" type="text" size="3" maxlength="4" name="config[bump_interval]" value="' . $value . '" />&nbsp;<select name="config[bump_type]">' . $s_bump_type . '</select>';
	}]]></find>
			<action type="after-add"><![CDATA[/**
	* Select Topic Age Warning interval
	*/
	function taw_interval($value, $key)
	{
		global $user;

		$s_taw_type = '';
		$types = array('d' => 'DAYS', 'm' => 'MONTHS', 'y' => 'YEARS');
		foreach ($types as $type => $lang)
		{
			$selected = ($this->new_config['taw_interval_type'] == $type) ? ' selected="selected"' : '';
			$s_taw_type .= '<option value="' . $type . '"' . $selected . '>' . $user->lang[$lang] . '</option>';
		}

		return '<input id="' . $key . '" type="text" size="3" maxlength="4" name="config[taw_interval]" value="' . $value . '" />&nbsp;<select name="config[taw_interval_type]">' . $s_taw_type . '</select>';
	}]]></action>
		</edit>
	</open>
	<open src="language/en/common.php">
		<edit>
			<find><![CDATA[	'TOPIC'				=> 'Topic',
	'TOPICS'			=> 'Topics',]]></find>
			<action type="after-add"><![CDATA[//! Topic Age Warning - imkingdavid
	'TOPIC_AGE_WARNING'	=> 'You are attempting to reply to a topic that is %s old. Instead, please begin a new topic, or search for another related topic that may be more suitable.',
	'TOPIC_AGE_WARNING_LOCK'	=> 'This topic is %s old. The forum administrator has chosen for old topics to be locked when a reply is attempted. Please begin a new topic or use the search feature to find a similar but newer topic.',
	'MONTHS'						=> 'Months', 
	'WEEK'							=> 'Week', 
	'WEEKS'							=> 'Weeks', 
	'YEARS'							=> 'Years',
	//! END Topic Age Warning - imkingdavid]]></action>
		</edit>
	</open>
	<open src="language/en/acp/board.php">
		<edit>
			<find><![CDATA[	'BUMP_INTERVAL'					=> 'Bump interval',
	'BUMP_INTERVAL_EXPLAIN'			=> 'Number of minutes, hours or days between the last post to a topic and the ability to bump this topic. Setting the value to 0 disables this feature.',]]></find>
			<action type="after-add"><![CDATA[//! Topic Age Warning - imkingdavid
	'TOPIC_AGE_WARNING'				=> 'Topic Age Warning Settings',
	'TAW_INTERVAL'					=> 'Topic Age Warning interval',
	'TAW_INTERVAL_EXPLAIN'			=> 'Number of days, months or years after which a user will recieve the topic age warning. <strong>If set to 0, the MOD will be disabled.</strong>',
	'TAW_LOCK'						=> 'Lock old topic',
	'TAW_LOCK_EXPLAIN'				=> 'If \'Yes\', topics to which a user attempts to reply after the set interval will be automatically locked.',
	'TAW_AUTHOR_EXEMPT'				=> 'Exempt author from Topic Age Warning',
	'TAW_AUTHOR_EXEMPT_EXPLAIN'		=> 'If \'Yes\', the author of the topic will be able to reply to their own topics, even after the set interval is passed.',
	'TAW_LAST_POST'					=> 'Use Last Reply time',
	'TAW_LAST_POST_EXPLAIN'			=> 'If \'Yes\', the old topics will be determined using the time of the last reply to the topic. If \'No\', old topics will be determined using the time of the topic\'s creation.',
	'TAW_QUICKREPLY'				=> 'Allow quick reply (where enabled) in old topics',
	'TAW_QUICKREPLY_EXPLAIN'		=> 'If \'Yes\', quick reply will still be usable in old topics (where enabled). If \'No\', quick reply will not show up in old topics, even if enabled in that forum.',
	//! END Topic Age Warning - imkingdavid]]></action>
		</edit>
	</open>
	<open src="posting.php">
		<edit>
			<find><![CDATA[// Forum/Topic locked?
if (($post_data['forum_status'] == ITEM_LOCKED || (isset($post_data['topic_status']) && $post_data['topic_status'] == ITEM_LOCKED)) && !$auth->acl_get('m_edit', $forum_id))
{
	trigger_error(($post_data['forum_status'] == ITEM_LOCKED) ? 'FORUM_LOCKED' : 'TOPIC_LOCKED');
}]]></find>
			<action type="after-add"><![CDATA[//! Topic Age Warning - imkingdavid
if($mode == 'reply' || $mode == 'quote')
{
	include($phpbb_root_path . 'includes/functions_taw.' . $phpEx);
	//calls taw::__construct() which in turn calls taw::go()
	$taw = new taw($post_data);
}
//! END Topic Age Warning - imkingdavid]]></action>
		</edit>
	</open>
	<open src="viewtopic.php">
		<edit>
			<find><![CDATA[if ($s_can_vote || $s_quick_reply)
{]]></find>
			<action type="before-add"><![CDATA[//! Topic Age Warning - imkingdavid
if($s_quick_reply)
{
	include($phpbb_root_path . 'includes/functions_taw.' . $phpEx);
	//calls taw::__construct() which in turn calls taw::go()
	$taw = new taw($topic_data, 'viewtopic');
}
//! END Topic Age Warning - imkingdavid]]></action>
		</edit>
	</open>
	<open src="styles/prosilver/template/posting_editor.html">
		<edit>
			<find><![CDATA[	<!-- IF ERROR --><p class="error">{ERROR}</p><!-- ENDIF -->]]></find>
			<action type="after-add"><![CDATA[    <!-- IF S_TOPIC_AGE_WARNING --><p class="error">{TOPIC_AGE_WARNING}</p><!-- ENDIF -->]]></action>
		</edit>
	</open>
	<open src="styles/prosilver/template/quickreply_editor.html">
		<edit>
			<find><![CDATA[<script type="text/javascript">]]></find>
			<action type="before-add"><![CDATA[<!-- IF not S_DISABLE_QR -->]]></action>
		</edit>
		<edit>
			<find><![CDATA[<h2>{L_QUICKREPLY}</h2>
					<fieldset class="fields1">]]></find>
			<action type="after-add"><![CDATA[<!-- IF S_TOPIC_AGE_WARNING --><p class="error">{TOPIC_AGE_WARNING}</p><!-- ENDIF -->]]></action>
		</edit>
		<edit>
			<comment lang="en">Around line 54 after the previous edits are performed. (Yes, this is identical to the previous edit; the edit should be performed both times.)</comment>
			<find><![CDATA[<h2>{L_QUICKREPLY}</h2>
					<fieldset class="fields1">]]></find>
			<action type="after-add"><![CDATA[<!-- IF S_TOPIC_AGE_WARNING --><p class="error">{TOPIC_AGE_WARNING}</p><!-- ENDIF -->]]></action>
		</edit>
		<edit>
			<comment lang="en">Last line of the file</comment>
			<find><![CDATA[</form>]]></find>
			<action type="after-add"><![CDATA[<!-- ENDIF -->]]></action>
		</edit>
	</open>
	<php-installer>taw_install.php</php-installer>
	<diy-instructions lang="en"><![CDATA[Once all file edits have been done and the SQL install file has been run, enter the ACP and purge the cache and refresh the templates on which this MOD has been installed. Settings are available in the Post Settings module.]]>
	</diy-instructions>
</action-group>
</mod>