<?xml version="1.0" encoding="utf-8" standalone="yes"?>
<?xml-stylesheet type="text/xsl" href="modx.prosilver.en.xsl"?>
<!--For security purposes, please check: http://www.phpbb.com/mods/ for the latest version of this MOD. Although MODs are checked before being allowed in the MODs Database there is no guarantee that there are no security problems within the MOD. No support will be given for MODs not found within the MODs Database which can be found at http://www.phpbb.com/mods/-->
<mod xmlns:xsi="http://www.w3.org/2001/XMLSchema-instance" xmlns="http://www.phpbb.com/mods/xml/modx-1.2.5.xsd">
<header>
	<license>http://opensource.org/licenses/gpl-license.php GNU General Public License v2</license>

	<title lang="en">Topic Age Warning - subSilver2 Edits</title>
	
	<description lang="en">subSilver2 edits for the Topic Age Warning MOD.</description>

	<author-notes lang="en">This MOD requires PHP 5.
	
	If you would like to make a donation for my work done on this MOD as well as other MODs, you may do so by going to my development forum (http://www.phpbbdevelopers.net/) and clicking the Donate button in the header. All donations are voluntary but appreciated.</author-notes>

	<author-group>
		<author>
			<username>imkingdavid</username>
			<realname>David King</realname>
			<homepage>http://www.phpbbdevelopers.net</homepage>
			<email>imkingdavid@gmail.com</email>
		</author>
	</author-group>

	<mod-version>1.0.0</mod-version>

	<installation>
		<level>intermediate</level>
		<time>300</time>
		<target-version>3.0.8</target-version>
	</installation>
	<history>
		<entry>
			<date>2010-11-23</date>
			<rev-version>1.0.0</rev-version>
			<changelog lang="en">
				<change>[change] phpBB version 3.0.8</change>
				<change>[fix] plurals are handled correctly for other languages</change>
			</changelog>
		</entry>
		<entry>
			<date>2010-10-26</date>
			<rev-version>1.0.0</rev-version>
			<changelog lang="en">
				<change>[new] subSilver2 support (thanks DoYouSpeakWak)</change>
			</changelog>
		</entry>
		<entry>
			<date>2010-09-18</date>
			<rev-version>1.0.0</rev-version>
			<changelog lang="en">
				<change>[fix] works when quoting a post as well (thanks romeo_piter)</change>
				<change>[change] updated umil</change>
			</changelog>
		</entry>
		<entry>
			<date>2010-05-16</date>
			<rev-version>0.1.3 BETA</rev-version>
			<changelog lang="en">
				<change>[remove] removed duplicate edits in install.xml file (thanks Anyasha)</change>
				<change>[new] support for quick reply.</change>
				<change>[change] a couple of minor details in install.xml and functions_taw.php (thanks RMcGirr83).</change>
			</changelog>
		</entry>
		<entry>
			<date>2010-05-06</date>
			<rev-version>0.1.2 BETA</rev-version>
			<changelog lang="en">
				<change>[add] added UMIL folder in root/ so that it can be validated (thanks, DoYouSpeakWak)</change>
				<change>[fix] Incorrect FIND in install.xml file prevented AutoMOD installation (thanks, DoYouSpeakWak)</change>
			</changelog>
		</entry>
		<entry>
			<date>2010-05-04</date>
			<rev-version>0.1.1 BETA</rev-version>
			<changelog lang="en">
				<change>[change] moved all code from posting.php into new file: includes/functions_taw.php</change>
			</changelog>
		</entry>
		<entry>
			<date>2010-05-04</date>
			<rev-version>0.1.0 BETA</rev-version>
			<changelog lang="en">
				<change>First BETA Release</change>
			</changelog>
		</entry>
		<entry>
			<date>2010-05-03</date>
			<rev-version>0.0.0 DEV</rev-version>
			<changelog lang="en">
				<change>Begun development</change>
			</changelog>
		</entry>
	</history>
	<link-group>
		<link type="parent" href="install.xml" lang="en">Main Install Instructions</link>
	</link-group>
</header>

<action-group>
	<open src="styles/subsilver2/template/posting_body.html">
		<edit>
			<find><![CDATA[<!-- IF ERROR -->
   <tr>
      <td class="row2" colspan="2" align="center"><span class="genmed error">{ERROR}</span></td>
   </tr>
<!-- ENDIF -->]]></find>
			<action type="after-add"><![CDATA[<!-- IF S_TOPIC_AGE_WARNING -->
   <tr>
      <td class="row2" colspan="2" align="center"><span class="genmed error">{TOPIC_AGE_WARNING}</span></td>
   </tr>
<!-- ENDIF -->]]></action>
		</edit>
	</open>
	<open src="styles/subsilver2/template/quickreply_editor.html">
		<edit>
			<find><![CDATA[<form method="post" action="{U_QR_ACTION}">]]></find>
			<action type="before-add"><![CDATA[<!-- IF not S_DISABLE_QR -->]]></action>
		</edit>
		<edit>
			<find><![CDATA[      <tr>
         <th align="center" colspan="2">{L_QUICKREPLY}</th>
      </tr>]]></find>
			<action type="after-add"><![CDATA[      <!-- IF S_TOPIC_AGE_WARNING -->
      <tr>
         <td class="row2" colspan="2" align="center"><span class="genmed error">{TOPIC_AGE_WARNING}</span></td>
      </tr>
      <!-- ENDIF -->]]></action>
		</edit>
		<edit>
			<find><![CDATA[</form>
<br clear="all" />]]></find>
			<action type="after-add"><![CDATA[<!-- ENDIF -->]]></action>
		</edit>
	</open>
	<php-installer>taw_install.php</php-installer>
	<diy-instructions lang="en"><![CDATA[These are simply the subsilver2 edits. You must perform all of the edits in the main installation file before you will notice any changes. Also, the subSilver2 template must be refreshed in order to see any template changes.]]>
	</diy-instructions>
</action-group>
</mod>